{
    "losses_distributed": [
        [
            1,
            2.278768211723497
        ],
        [
            2,
            2.299585512121445
        ],
        [
            3,
            2.2894290959198735
        ],
        [
            4,
            2.2888275430657323
        ],
        [
            5,
            2.2993675518433254
        ],
        [
            6,
            2.297641799034786
        ],
        [
            7,
            2.311332869872624
        ],
        [
            8,
            2.268344127142544
        ],
        [
            9,
            2.2804171822656643
        ],
        [
            10,
            2.3243749615064355
        ],
        [
            11,
            2.2988365053215905
        ],
        [
            12,
            2.2798172098077583
        ],
        [
            13,
            2.266802299752706
        ],
        [
            14,
            2.2945852190904965
        ],
        [
            15,
            2.2719184492352746
        ],
        [
            16,
            2.2694914801655637
        ],
        [
            17,
            2.269450233874536
        ],
        [
            18,
            2.2744294828723874
        ],
        [
            19,
            2.2958388051143546
        ],
        [
            20,
            2.291610480858173
        ],
        [
            21,
            2.2759499231470226
        ],
        [
            22,
            2.263583074235484
        ],
        [
            23,
            2.297288741268996
        ],
        [
            24,
            2.292574321831515
        ],
        [
            25,
            2.2664699086348215
        ],
        [
            26,
            2.253428657189443
        ],
        [
            27,
            2.285153723503816
        ],
        [
            28,
            2.2523027849874007
        ],
        [
            29,
            2.2440889186677047
        ],
        [
            30,
            2.267757744875846
        ],
        [
            31,
            2.225718531400471
        ],
        [
            32,
            2.254350487227141
        ]
    ],
    "metrics_distributed_fit": {
        "loss": [
            [
                1,
                2.3211516857186347
            ],
            [
                2,
                2.305323072769415
            ],
            [
                3,
                2.294293900128205
            ],
            [
                4,
                2.29258171392023
            ],
            [
                5,
                2.2894359246913845
            ],
            [
                6,
                2.326466678103736
            ],
            [
                7,
                2.30368769209617
            ],
            [
                8,
                2.3087016358744155
            ],
            [
                9,
                2.279121306125581
            ],
            [
                10,
                2.2949412821050714
            ],
            [
                11,
                2.2759746209563807
            ],
            [
                12,
                2.2775370218166286
            ],
            [
                13,
                2.2783970528413184
            ],
            [
                14,
                2.27380318567457
            ],
            [
                15,
                2.283444345035378
            ],
            [
                16,
                2.290881473712443
            ],
            [
                17,
                2.2871060184515954
            ],
            [
                18,
                2.295575868666528
            ],
            [
                19,
                2.2894520245020575
            ],
            [
                20,
                2.2591022651265633
            ],
            [
                21,
                2.285977337018948
            ],
            [
                22,
                2.2668830204642405
            ],
            [
                23,
                2.294611397891342
            ],
            [
                24,
                2.2599433930193005
            ],
            [
                25,
                2.270634357103043
            ],
            [
                26,
                2.2611855984723723
            ],
            [
                27,
                2.254422332088514
            ],
            [
                28,
                2.2544590327693608
            ],
            [
                29,
                2.238662478201581
            ],
            [
                30,
                2.249200438302426
            ],
            [
                31,
                2.241023518386101
            ],
            [
                32,
                2.2602960626124977
            ]
        ],
        "accuracy": [
            [
                1,
                0.09073937305104218
            ],
            [
                2,
                0.09907925459271334
            ],
            [
                3,
                0.14476531107873009
            ],
            [
                4,
                0.1494679206958979
            ],
            [
                5,
                0.12949328713728886
            ],
            [
                6,
                0.09434800310915349
            ],
            [
                7,
                0.1399296565873675
            ],
            [
                8,
                0.10717216477925488
            ],
            [
                9,
                0.12780431031022996
            ],
            [
                10,
                0.1497369108482293
            ],
            [
                11,
                0.1343259621944857
            ],
            [
                12,
                0.15096722968095858
            ],
            [
                13,
                0.11196469434455704
            ],
            [
                14,
                0.1712076954069299
            ],
            [
                15,
                0.15853658536585366
            ],
            [
                16,
                0.10865716360995097
            ],
            [
                17,
                0.15145210776278736
            ],
            [
                18,
                0.1501766784452297
            ],
            [
                19,
                0.12304109193327074
            ],
            [
                20,
                0.18073628154665433
            ],
            [
                21,
                0.128583808767242
            ],
            [
                22,
                0.1553875392497108
            ],
            [
                23,
                0.11358570096867021
            ],
            [
                24,
                0.2046232876712329
            ],
            [
                25,
                0.15698858614196226
            ],
            [
                26,
                0.22406941316730694
            ],
            [
                27,
                0.20393027284538762
            ],
            [
                28,
                0.22141921837228043
            ],
            [
                29,
                0.2270881777580925
            ],
            [
                30,
                0.21937104171216423
            ],
            [
                31,
                0.22688544543794767
            ],
            [
                32,
                0.19071324727961583
            ]
        ]
    },