{
    "losses_distributed": [
        [
            1,
            0.512465239955127
        ],
        [
            2,
            0.4712824695035199
        ],
        [
            3,
            0.4081046009884424
        ],
        [
            4,
            0.3686608993060011
        ],
        [
            5,
            0.3776989467274867
        ],
        [
            6,
            0.37194020373477826
        ],
        [
            7,
            0.3739487744321976
        ],
        [
            8,
            0.3514985963998644
        ],
        [
            9,
            0.3277644667424658
        ],
        [
            10,
            0.3325935300846468
        ],
        [
            11,
            0.32464857107699724
        ],
        [
            12,
            0.3237795276669032
        ],
        [
            13,
            0.3384456326172728
        ],
        [
            14,
            0.33208350519067514
        ],
        [
            15,
            0.3260371059383099
        ],
        [
            16,
            0.3305900021765759
        ],
        [
            17,
            0.3287979895324825
        ],
        [
            18,
            0.31714977432505426
        ],
        [
            19,
            0.3314289388847663
        ],
        [
            20,
            0.34933011784591556
        ],
        [
            21,
            0.3594202771153538
        ],
        [
            22,
            0.35659479128862914
        ],
        [
            23,
            0.3423790016405263
        ],
        [
            24,
            0.3268828480123096
        ],
        [
            25,
            0.32963660204044326
        ],
        [
            26,
            0.34249564794963344
        ],
        [
            27,
            0.38351299951678697
        ],
        [
            28,
            0.3678832091528375
        ],
        [
            29,
            0.3666302407446563
        ],
        [
            30,
            0.3551950025798748
        ],
        [
            31,
            0.37198150158426085
        ],
        [
            32,
            0.3886151044340162
        ]
    ],
    "metrics_distributed_fit": {
        "loss": [
            [
                1,
                0.7552124377495234
            ],
            [
                2,
                0.4547069016188439
            ],
            [
                3,
                0.39999719851472587
            ],
            [
                4,
                0.3629390005723733
            ],
            [
                5,
                0.3311409035607179
            ],
            [
                6,
                0.31637557666993643
            ],
            [
                7,
                0.2930731395008522
            ],
            [
                8,
                0.28361208858804865
            ],
            [
                9,
                0.2648163714602884
            ],
            [
                10,
                0.259082377466282
            ],
            [
                11,
                0.23361936886865253
            ],
            [
                12,
                0.21495366290379622
            ],
            [
                13,
                0.23356275342694274
            ],
            [
                14,
                0.2176659232643792
            ],
            [
                15,
                0.19849144914764585
            ],
            [
                16,
                0.18449920624174662
            ],
            [
                17,
                0.1788997247998797
            ],
            [
                18,
                0.16410955355753226
            ],
            [
                19,
                0.16701146866759925
            ],
            [
                20,
                0.1574848398643147
            ],
            [
                21,
                0.15053725848230923
            ],
            [
                22,
                0.15898379754482583
            ],
            [
                23,
                0.13441746222834053
            ],
            [
                24,
                0.15199132018979647
            ],
            [
                25,
                0.1380791970399971
            ],
            [
                26,
                0.13841915465369065
            ],
            [
                27,
                0.11876978643297813
            ],
            [
                28,
                0.12036623058940364
            ],
            [
                29,
                0.10747801577732469
            ],
            [
                30,
                0.10430953378601178
            ],
            [
                31,
                0.1003938237351978
            ],
            [
                32,
                0.11349770861117263
            ]
        ],
        "accuracy": [
            [
                1,
                0.7444833153928956
            ],
            [
                2,
                0.8403472282093284
            ],
            [
                3,
                0.8592657719858462
            ],
            [
                4,
                0.8725457409165444
            ],
            [
                5,
                0.8831349820820245
            ],
            [
                6,
                0.8868758055798096
            ],
            [
                7,
                0.8959320948110185
            ],
            [
                8,
                0.8987227788358036
            ],
            [
                9,
                0.9056884027544508
            ],
            [
                10,
                0.9081914623300724
            ],
            [
                11,
                0.9174347077594894
            ],
            [
                12,
                0.9247389727027385
            ],
            [
                13,
                0.9168086001683164
            ],
            [
                14,
                0.9228943699512036
            ],
            [
                15,
                0.9302761197144884
            ],
            [
                16,
                0.9346930903632042
            ],
            [
                17,
                0.9373479820258069
            ],
            [
                18,
                0.9432956736815629
            ],
            [
                19,
                0.9409405504880781
            ],
            [
                20,
                0.9452750935840515
            ],
            [
                21,
                0.9476016162586014
            ],
            [
                22,
                0.9438026537489469
            ],
            [
                23,
                0.9532676522321802
            ],
            [
                24,
                0.9464520031164145
            ],
            [
                25,
                0.9517470881863561
            ],
            [
                26,
                0.9522794942608095
            ],
            [
                27,
                0.959242135999646
            ],
            [
                28,
                0.9587485135523025
            ],
            [
                29,
                0.9632979851537646
            ],
            [
                30,
                0.9641613730759834
            ],
            [
                31,
                0.9661137630871676
            ],
            [
                32,
                0.9612628243814122
            ]
        ]
    },